{
"一个":"one ",
"一次":"one time ",
"一直":"keep ",
"一般":"normal ",
"三号位":"3rd slot ",
"上":"send out ",
"下一个":"next ",
"不":"not ",
"不是":"not ",
"不能":"cannot ",
"不能冥想":"cant calm mind (meds) ",
"不解":"don't cure ",
"不走":"stay ",
"两下":"twice ",
"两发":"two shot ",
"两次":"two times ",
"中":"hit ",
"中了":"hit ",
"丰源联盟":"hoenn ",
"之宝石":"gem ",
"也":"again ",
"乱":"random ",
"乱二":"two shot ",
"二":"two ",
"以上":"above ",
"以下":"below ",
"优先":"prioritize ",
"会跑":"will run ",
"伤害":"damage ",
"低于":"below ",
"保持":"keep ",
"元气":"max pot ",
"元气根":"root heal ",
"先":"first ",
"先制":"priority ",
"全复":"full heal ",
"全满":"max pot ",
"全部":"all ",
"关都联盟":"kanto ",
"其他联盟":"other ",
"再":"again ",
"再ct杀了地龙":"if garchomp also gets crit ",
"冰":"ice ",
"减防":"def drop ",
"出":"facing ",
"出恶龙":"if hydreigon sent out ",
"切":"switch ",
"切刺甲":"switchcloyster ",
"切地鼠":"switchexcadrill ",
"切巨金":"switchmetagross ",
"切混混":"switchscrafty ",
"切青蛙":"switchpoliwrath ",
"切鬼灯":"switchchandelure ",
"到":"to ",
"加热":"heat ",
"及以上":"and above ",
"双":"double ",
"反馈":"feedback ",
"可以":"can ",
"可以不爆":"explode is optional ",
"吃":"take ",
"合众联盟":"unova ",
"同上":"same as above ",
"后":"queen ",
"咬一口":"bite once ",
"回满":"heal full ",
"回血":"heal ",
"在":"at ",
"地":"ground ",
"地面":"ground ",
"复活":"revive ",
"大":"big ",
"失败":"fail ",
"头像":"portrait ",
"威力":"power ",
"威胁":"threat ",
"守护":"x sp def ",
"完":"complete ",
"宝":"treasure ",
"宝珠":"orb ",
"对":"facing ",
"对位":"faced ",
"小":"small ",
"小概率":"small chance ",
"岩":"rock ",
"幽灵":"ghost ",
"开不出":"if you cant use ",
"开局":"opening ",
"强化":"strengthen ",
"待测":"testing ",
"很小概率是2队":"very small chance it's team 2 ",
"必须":"must ",
"恶":"dark ",
"意外":"unexpected ",
"成功":"success ",
"成都联盟":"johto ",
"或":"or ",
"打克制":"use super effective ",
"打死":"die ",
"打残":"wound ",
"打法":"method ",
"扣":"deduct ",
"技能":"skill ",
"拔线吧":"unplug wires... ",
"拿走":"take away ",
"推":"push ",
"推队前":"before pushing ",
"撒钉":"nail ",
"攻":"x atk ",
"攻击":"x atk ",
"放火":"fire kill ",
"敌方":"enemy ",
"斗":"fighting ",
"新":"new ",
"无":"no ",
"无事发生":"problem ",
"无威吓":"no intimidate ",
"无所谓":"doesn't matter ",
"无法辨别":"cannot distinguish ",
"有":"have ",
"末尾":"end ",
"杀":"kill ",
"格":"fighting ",
"格斗":"fighting ",
"概率两下":"probabilty two shot ",
"正常":"normally ",
"死":"faint ",
"死了":"killed ",
"毒":"poison ",
"水":"water ",
"没":"no ",
"注意事项":"notes ",
"活力块":"heal ",
"测试":"testing ",
"清洗":"wash ",
"满血":"full health ",
"火":"fire ",
"火放":"use fire move ",
"点":"click ",
"点开":"click open ",
"烧":"burn ",
"烧伤":"burn ",
"爆个":"pop ",
"特攻":"x spa ",
"特防":"x spd ",
"猴子":"monkey ",
"王":"king ",
"甩出谁都打他":"attack with whoever is sent out ",
"电":"electric ",
"的位置":"position ",
"直接":"directly ",
"省":"save $? ",
"省钱":"save money ",
"看":"see ",
"看出谁":"see who: ",
"看是否成功":"success or not ",
"睡着":"sleep ",
"神奥联盟":"sinnoh ",
"秒了":"killed ",
"稳":"stable ",
"空":"miss ",
"第一步":"first step ",
"第二只":"second ",
"第二步":"second step ",
"等命中":"wait till hit ",
"结束":"finish ",
"给恶龙回血":"heal hydreigon ",
"继续":"continue ",
"继续点":"continue ",
"翻":"switch ",
"老":"old ",
"脑":"brain ",
"自救为主 表仅仅辅助":"table is only for assistance ",
"自选":"option to solve ",
"花":"flower ",
"草":"grass ",
"药":"medicine ",
"虫":"bug ",
"蛇":"snake ",
"蛋":"egg ",
"血":"hp ",
"血大于":"hp above ",
"血条":"health bar ",
"血高于":"hp above ",
"补钉":"heal ",
"被":"gets ",
"被地震打了一下":"gets hit by eq ",
"被百变反杀":"killed by ditto ",
"解":"removed ",
"让":"let ",
"跑":"run to ",
"路由表":"routing table(click) ",
"连续":"continuously ",
"迷唇":"lip ",
"追":"chasing ",
"追速":"chasing speed ",
"退回去点":"go back and select ",
"送":"sack ",
"送了":"sack ",
"送掉":"sack ",
"送死":"sack ",
"速":"fast ",
"速度":"x spe ",
"道具":"item ",
"配置":"combo/build ",
"重选天":"champ select ",
"钉":"nail ",
"钉不出":"did not stealth rock ",
"钉出":"send out ",
"钉出来了":"used stealth rock ",
"钢":"steel ",
"钱":"money ",
"锁":"lock ",
"防":"x def ",
"防御":"x def ",
"除":"except ",
"非":"no ",
"面对":"facing ",
"飞行":"flying type ",
"高于":"above ",
"鬼":"ghost ",
"鬼杀":"shadowball kill ",
"鳄鱼":"(kroo/fera) ",
"麻痹解麻":"cure para ",
"龙":"dragon ",
"打中":"hit ",
"打空":"miss ",
"准备注销":"prepare to log out ",
"注销":"log out ",
"重进还是":"reenter ",
"残血":"low hp ",
"能":"can ",
"其他":"other ",
"地区地龙":"regional earth dragon? ",
"都":"all ",
"要等":"need to wait for ",
"结算":"to settle ",
"才能注销":"before log out ",
"赖场":"stay ",
"麻痹":"paralyze ",
"注意":"careful ",
"合众":"unova ",
"战龙都是龙杀地龙":"haxorus dual chop garchomp ",
"别":"don't ",
"错仙人掌了":"wrong cactus ",
"求":"pray ",
"要先补血":"need to heal first ",
"优选":"prefer ",
"真气":"focus blast ",
"批带":"focus sash ",
"岩石":"rock ",
"波导":"hidden power? ",
"飞叶":"leaf storm ",
"影子突袭":"shadow sneak ",
"爆":"explode ",
"影偷":"shadow sneak ",
"保姆曼波":"alomomola ",
"曼波":"alomomola ",
"黑夜魔灵":"dusknoir ",
"秃鹰娜":"mandibuzz ",
"爆炸头水牛":"bouffalant ",
"勇士雄鹰":"braviary ",
"即可":"bisharp ",
"钢兵":"bisharp ",
"宝石海星":"starmie ",
"鼬":"mienshao ",
"雷吉":"regi ",
"雷吉斯奇鲁":"registeel ",
"火马":"rapidash ",
"刺甲贝":"cloyster ",
"猫头夜鹰":"noctowl ",
"雷朵":"gallade ",
"乐天河童":"ludicolo ",
"鸭嘴炎兽":"magmortar ",
"合众地龙":"haxorus ",
"火蛾":"volcarona ",
"七夕青鳥":"altaria ",
"七夕青鸟":"altaria ",
"三合一磁怪":"magneton ",
"三地鼠":"dugtrio ",
"三蜜蜂":"combee ",
"三首恶龙":"hydreigon ",
"三首惡龍":"hydreigon ",
"不良蛙":"croagunk ",
"东施喵":"purugly ",
"乌鸦头头":"honchkrow ",
"乘龙":"lapras ",
"九尾":"ninetales ",
"亞克諾姆":"azelf ",
"人造細胞卵":"reuniclus ",
"人造细胞卵":"reuniclus ",
"代拉基翁":"terrakion ",
"代歐奇希斯":"deoxys ",
"企鹅":"empoleon ",
"伊布":"eevee ",
"伦琴猫":"luxray ",
"佛烈托斯":"forretress ",
"保母曼波":"alomomola ",
"保母蟲":"leavanny ",
"信使鳥":"delibird ",
"修建老匠":"conkeldurr ",
"倫琴貓":"luxray ",
"傑尼龜":"squirtle ",
"催眠貘":"drowzee ",
"傲骨燕":"taillow ",
"優雅貓":"delcatty ",
"克雷色利亞":"cresselia ",
"六尾":"vulpix ",
"冰伊布":"glaceon ",
"冰鬼护":"glalie ",
"冰鬼護":"glalie ",
"冷水猴":"panpour ",
"冷水猿":"simipour ",
"冻原熊":"beartic ",
"凍原熊":"beartic ",
"凱羅斯":"pinsir ",
"凱西":"abra ",
"凱路迪歐":"keldeo ",
"利歐路":"riolu ",
"利牙魚":"carvanha ",
"刺尾蟲":"wurmple ",
"刺球仙人掌":"cacnea ",
"刺甲":"cloyster ",
"刺甲貝":"cloyster ",
"刺龍王":"kingdra ",
"刺龙王":"kingdra ",
"劈斩":"bisharp ",
"劈斩司令":"bisharp ",
"劈斬司令":"bisharp ",
"力壯雞":"combusken ",
"功夫鼬":"mienfoo ",
"勇基拉":"kadabra ",
"勇士雄鷹":"braviary ",
"勇士鸟":"braviary ",
"勒克貓":"luxio ",
"勾帕路翁":"cobalion ",
"勾魂眼":"sableye ",
"化石盔":"kabuto ",
"化石翼龍":"aerodactyl ",
"化石翼龙":"aerodactyl ",
"千針魚":"qwilfish ",
"卡咪龜":"wartortle ",
"卡拉卡拉":"cubone ",
"卡比兽":"snorlax ",
"卡比獸":"snorlax ",
"卡蒂狗":"growlithe ",
"原蓋海龜":"tirtouga ",
"叉字蝠":"crobat ",
"双倍多多冰":"vanilluxe ",
"双弹瓦斯":"weezing ",
"双斧战龙":"haxorus ",
"变隐龙":"kecleon ",
"口呆花":"weepinbell ",
"古空棘魚":"relicanth ",
"可可多拉":"aron ",
"可多拉":"lairon ",
"可達鴨":"psyduck ",
"叶伊布":"leafeon ",
"吉利蛋":"chansey ",
"向尾喵":"skitty ",
"向日種子":"sunkern ",
"向日花怪":"sunflora ",
"君主蛇":"serperior ",
"吞食兽":"swalot ",
"吞食獸":"swalot ",
"含羞苞":"budew ",
"吼吼鯨":"wailmer ",
"吼爆彈":"loudred ",
"吼鯨王":"wailord ",
"吼鲸王":"wailord ",
"呆呆":"slowbro ",
"呆呆獸":"slowpoke ",
"呆呆王":"slowking ",
"呆壳兽":"slowbro ",
"呆殼獸":"slowbro ",
"呆火駝":"numel ",
"咕咕":"hoothoot ",
"咕咕鴿":"tranquill ",
"咕妞妞":"whismur ",
"咩利羊":"mareep ",
"哈克龍":"dragonair ",
"哈約克":"herdier ",
"哎呀球菇":"foongus ",
"哥德寶寶":"gothita ",
"哥德小姐":"gothitelle ",
"哥德小童":"gothorita ",
"哥达鸭":"golduck ",
"哥達鴨":"golduck ",
"哭哭面具":"yamask ",
"喇叭芽":"bellsprout ",
"單卵細胞球":"solosis ",
"單首龍":"deino ",
"喵喵":"meowth ",
"喷火驼":"camerupt ",
"喷火龙":"charizard ",
"嘎啦":"marowak ",
"嘎啦嘎啦":"marowak ",
"嘟嘟":"doduo ",
"嘟嘟利":"dodrio ",
"噗噗猪":"grumpig ",
"噗噗豬":"grumpig ",
"噴嚏熊":"cubchoo ",
"噴火駝":"camerupt ",
"噴火龍":"charizard ",
"四季鹿":"deerling ",
"固拉多":"groudon ",
"圈圈熊":"ursaring ",
"圓法師":"kricketot ",
"圓絲蛛":"spinarak ",
"圓蝌蚪":"tympole ",
"圓陸鯊":"gible ",
"圖圖犬":"smeargle ",
"土偶":"claydol ",
"土台龜":"torterra ",
"土台龟":"torterra ",
"土地雲":"landorus ",
"土居忍士":"nincada ",
"土狼犬":"poochyena ",
"土龍弟弟":"dunsparce ",
"土龟":"torterra ",
"地幔岩":"boldore ",
"地鼠":"diglett/excadrill ",
"地龙":"garchomp ",
"坚果哑铃":"ferrothorn ",
"坦克臭鼬":"skuntank ",
"基拉祈":"jirachi ",
"堅果啞鈴":"ferrothorn ",
"墨海馬":"horsea ",
"壶壶":"shuckle ",
"壺壺":"shuckle ",
"多刺菊石獸":"omastar ",
"多多冰":"vanillish ",
"多邊獸":"porygon ",
"多邊獸Ⅱ":"porygon2 ",
"多邊獸Ｚ":"porygon-z ",
"夜巡靈":"duskull ",
"夢夢蝕":"musharna ",
"夢妖":"misdreavus ",
"夢妖魔":"mismagius ",
"夢幻":"mew ",
"夢歌仙人掌":"cacturne ",
"大剑鬼":"samurott ",
"大劍鬼":"samurott ",
"大力鱷":"feraligatr ",
"大力鳄":"feraligatr ",
"大嘴娃":"mawile ",
"大嘴蝠":"golbat ",
"大嘴雀":"fearow ",
"大嘴鷗":"pelipper ",
"大奶罐":"miltank ",
"大宇怪":"beheeyem ",
"大尾狸":"bibarel ",
"大尾立":"furret ",
"大岩蛇":"onix ",
"大朝北鼻":"probopass ",
"大比鳥":"pidgeot ",
"大比鸟":"pidgeot ",
"大牙狸":"bidoof ",
"大狼犬":"mightyena ",
"大王燕":"swellow ",
"大竺葵":"meganium ",
"大舌舔":"lickilicky ",
"大舌貝":"shellder ",
"大舌頭":"lickitung ",
"大蔥鴨":"farfetch'd ",
"大針蜂":"beedrill ",
"大鉗蟹":"krabby ",
"大鋼蛇":"steelix ",
"大钢蛇":"steelix ",
"大顎蟻":"trapinch ",
"大食花":"victreebel ",
"天然雀":"natu ",
"天然鳥":"xatu ",
"天然鸟":"xatu ",
"天秤偶":"baltoy ",
"天蝎":"gliscor ",
"天蠍":"gligar ",
"天蠍王":"gliscor ",
"太古盔甲":"armaldo ",
"太古羽蟲":"anorith ",
"太阳伊布":"espeon ",
"太陽伊布":"espeon ",
"太陽岩":"solrock ",
"太陽珊瑚":"corsola ",
"头巾混混":"scrafty ",
"奇諾栗鼠":"cinccino ",
"奇诺栗鼠":"cinccino ",
"奇魯莉安":"kirlia ",
"妙蛙種子":"bulbasaur ",
"妙蛙花":"venusaur ",
"妙蛙草":"ivysaur ",
"姆克兒":"starly ",
"姆克鳥":"staravia ",
"姆克鷹":"staraptor ",
"姆克鹰":"staraptor ",
"始祖大鳥":"archeops ",
"始祖大鸟":"archeops ",
"始祖小鳥":"archen ",
"娃娃":"banette ",
"安瓢蟲":"ledian ",
"寶包繭":"swadloon ",
"寶寶丁":"igglybuff ",
"寶石海星":"starmie ",
"寶貝龍":"bagon ",
"小卡比獸":"munchlax ",
"小嘴蝸":"shelmet ",
"小小象":"phanpy ",
"小山豬":"swinub ",
"小拉達":"rattata ",
"小拳石":"geodude ",
"小果然":"wynaut ",
"小海獅":"seel ",
"小火焰猴":"chimchar ",
"小火馬":"ponyta ",
"小火龍":"charmander ",
"小灰怪":"elgyem ",
"小球飛魚":"mantyke ",
"小磁怪":"magnemite ",
"小福蛋":"happiny ",
"小約克":"lillipup ",
"小貓怪":"shinx ",
"小鋸鱷":"totodile ",
"尖牙籠":"carnivine ",
"尖牙陸鯊":"gabite ",
"尼多":"nido ",
"尼多力諾":"nidorino ",
"尼多后":"nidoqueen ",
"尼多娜":"nidorina ",
"尼多朗":"nidoran♂ ",
"尼多王":"nidoking ",
"尼多蘭":"nidoran♀ ",
"尾立":"sentret ",
"岩殿居蟹":"crustle ",
"巨沼怪":"swampert ",
"巨牙鯊":"sharpedo ",
"巨牙鲨":"sharpedo ",
"巨翅飛魚":"mantine ",
"巨翅飞鱼":"mantine ",
"巨蔓藤":"tangrowth ",
"巨金":"metagross ",
"巨金怪":"metagross ",
"巨鉗螳螂":"scizor ",
"巨鉗蟹":"kingler ",
"巨钳螳螂":"scizor ",
"巨钳蟹":"kingler ",
"差不多娃娃":"audino ",
"巴大蝶":"butterfree ",
"布魯":"snubbull ",
"布魯皇":"granbull ",
"师父鼬":"mienshao ",
"帕奇利茲":"pachirisu ",
"帕路奇亞":"palkia ",
"帝牙海狮":"walrein ",
"帝牙海獅":"walrein ",
"帝牙盧卡":"dialga ",
"帝王拿波":"empoleon ",
"師父鼬":"mienshao ",
"席多藍恩":"heatran ",
"幕下力士":"makuhita ",
"幸福蛋":"blissey ",
"幼基拉斯":"larvitar ",
"幾何雪花":"cryogonal ",
"庞岩怪":"gigalith ",
"引夢貘人":"hypno ",
"引梦貘人":"hypno ",
"彷徨夜靈":"dusclops ",
"心蝙蝠":"swoobat ",
"快拳郎":"hitmonchan ",
"快龍":"dragonite ",
"快龙":"dragonite ",
"念力土偶":"claydol ",
"急冻鸟":"articuno ",
"急凍鳥":"articuno ",
"怨影娃娃":"shuppet ",
"怪力":"machamp/strength ",
"恰雷姆":"medicham ",
"恶龙":"hydreigon ",
"惊角鹿":"stantler ",
"愛心魚":"luvdisc ",
"懶人獺":"slakoth ",
"战舞郎":"hitmontop ",
"战龙":"haxorus ",
"戰槌龍":"rampardos ",
"戰舞郎":"hitmontop ",
"戴魯比":"houndour ",
"扒手貓":"purrloin ",
"打击鬼":"sawk ",
"打擊鬼":"sawk ",
"投摔鬼":"throh ",
"护城龙":"bastiodon ",
"拉帝亚斯":"latias ",
"拉帝亞斯":"latias ",
"拉帝欧斯":"latios ",
"拉帝歐斯":"latios ",
"拉普拉斯":"lapras ",
"拉達":"raticate ",
"拉魯拉絲":"ralts ",
"捲捲耳":"buneary ",
"捷克羅姆":"zekrom ",
"探探鼠":"patrat ",
"搖籃百合":"cradily ",
"搬運小匠":"timburr ",
"摩魯蛾":"venomoth ",
"摩鲁蛾":"venomoth ",
"敏捷蟲":"accelgor ",
"敗露球菇":"amoonguss ",
"斑斑馬":"blitzle ",
"斗笠菇":"breloom ",
"斧牙龍":"fraxure ",
"星":"jirachi ",
"星星":"jirachi ",
"時拉比":"celebi ",
"晃晃斑":"spinda ",
"暖暖豬":"tepig ",
"暴雪王":"abomasnow ",
"暴飛龍":"salamence ",
"暴飞龙":"salamence ",
"暴鯉龍":"gyarados ",
"暴鲤龙":"gyarados ",
"月亮伊布":"umbreon ",
"月布":"umbreon ",
"月桂葉":"bayleef ",
"月石":"lunatone ",
"朝北鼻":"nosepass ",
"木守宮":"treecko ",
"木棉球":"cottonee ",
"未知圖騰":"unown ",
"東施喵":"purugly ",
"果然翁":"wobbuffet ",
"树才怪":"sudowoodo ",
"梦妖":"mismagius ",
"梦妖魔":"mismagius ",
"梦幻":"mew ",
"梦梦蚀":"musharna ",
"梦歌仙人掌":"cacturne ",
"森林蜥蜴":"grovyle ",
"椰蛋":"exeggutor ",
"椰蛋树":"exeggutor ",
"椰蛋樹":"exeggutor ",
"榛果球":"pineco ",
"樂天河童":"ludicolo ",
"樹才怪":"sudowoodo ",
"樹林龜":"grotle ",
"橡實果":"seedot ",
"櫻花兒":"cherrim ",
"櫻花寶":"cherubi ",
"櫻花魚":"gorebyss ",
"正電拍拍":"plusle ",
"步哨鼠":"watchog ",
"死神棺":"cofagrigus ",
"毒刺水母":"tentacruel ",
"毒粉蛾":"dustox ",
"毒薔薇":"roselia ",
"毒蛙":"toxicroak ",
"毒骷蛙":"toxicroak ",
"比克提尼":"victini ",
"比比鳥":"pidgeotto ",
"毛球":"venonat ",
"毛頭小鷹":"rufflet ",
"毽子棉":"jumpluff ",
"毽子花":"skiploom ",
"毽子草":"hoppip ",
"水伊布":"vaporeon ",
"水君":"suicune ",
"水布":"vaporeon ",
"水晶灯火灵":"chandelure ",
"水晶燈火靈":"chandelure ",
"水水獺":"oshawott ",
"水牛":"bouffalant ",
"水箭龜":"blastoise ",
"水箭龟":"blastoise ",
"水躍魚":"mudkip ",
"沙基拉斯":"pupitar ",
"沙奈朵":"gardevoir ",
"沙河馬":"hippopotas ",
"沙漠蜻蜓":"flygon ",
"沙鈴仙人掌":"maractus ",
"沙铃仙人掌":"maractus ",
"河童":"ludicolo ",
"河馬獸":"hippowdon ",
"河马兽":"hippowdon ",
"沼王":"quagsire ",
"沼躍魚":"marshtomp ",
"泡沫栗鼠":"minccino ",
"波克基古":"togetic ",
"波克基斯":"togekiss ",
"波克比":"togepi ",
"波加曼":"piplup ",
"波士可多拉":"aggron ",
"波波":"pidgey ",
"波皇子":"prinplup ",
"泥偶":"golurk ",
"泥偶小人":"golett ",
"泥偶巨人":"golurk ",
"泥巴魚":"stunfisk ",
"泥巴鱼":"stunfisk ",
"泥泥鰍":"barboach ",
"泳圈鼬":"buizel ",
"洗衣机":"rotom wash ",
"洛奇亞":"lugia ",
"洛托姆":"rotom ",
"派拉斯":"paras ",
"派拉斯特":"parasect ",
"流氓鱷":"krookodile ",
"流氓鳄":"krookodile ",
"浮潛鼬":"floatzel ",
"浮潜鼬":"floatzel ",
"海兔":"gastrodon ",
"海兔兽":"gastrodon ",
"海兔獸":"gastrodon ",
"海刺龍":"seadra ",
"海星":"starmie ",
"海星星":"staryu ",
"海狮":"sealeo ",
"海豹球":"spheal ",
"海魔獅":"sealeo ",
"混混":"scrafty ",
"混混鱷":"krokorok ",
"溜溜糖球":"surskit ",
"溶食獸":"gulpin ",
"滑滑小子":"scraggy ",
"滾滾蝙蝠":"woobat ",
"火伊布":"flareon ",
"火岩鼠":"quilava ",
"火布":"flareon ",
"火恐龍":"charmeleon ",
"火暴兽":"typhlosion ",
"火暴猴":"primeape ",
"火焰雞":"blaziken ",
"火焰鳥":"moltres ",
"火焰鸡":"blaziken ",
"火爆兽":"typhlosion ",
"火爆猴":"primeape ",
"火爆獸":"typhlosion ",
"火球鼠":"cyndaquil ",
"火神蛾":"volcarona ",
"火稚雞":"torchic ",
"火紅不倒翁":"darumaka ",
"火鸡":"blaziken ",
"灯":"chandelure ",
"灰塵山":"garbodor ",
"灾兽":"absol ",
"炎帝":"entei ",
"炎武王":"emboar ",
"炒炒豬":"pignite ",
"烈咬陆鲨":"garchomp ",
"烈咬陸鯊":"garchomp ",
"烈焰猴":"infernape ",
"烈焰馬":"rapidash ",
"烈焰马":"rapidash ",
"烈空坐":"rayquaza ",
"烈雀":"spearow ",
"烏波":"wooper ",
"烏鴉頭頭":"honchkrow ",
"無殼海兔":"shellos ",
"無畏小子":"tyrogue ",
"煤炭龜":"torkoal ",
"煤炭龟":"torkoal ",
"熊寶寶":"teddiursa ",
"熔岩蝸牛":"magcargo ",
"熔岩蟲":"slugma ",
"熔蟻獸":"heatmor ",
"熱帶龍":"tropius ",
"燃燒蟲":"larvesta ",
"燈火幽靈":"lampent ",
"燈籠魚":"chinchou ",
"燭光靈":"litwick ",
"爆炸頭水牛":"bouffalant ",
"爆音怪":"exploud ",
"爆香猴":"pansear ",
"爆香猿":"simisear ",
"牙牙":"axew ",
"牙猪":"mamoswine ",
"犀牛":"rhyperior ",
"狃拉":"sneasel ",
"狒狒":"darmanitan ",
"狡猾天狗":"shiftry ",
"狩猎凤蝶":"beautifly ",
"狩獵鳳蝶":"beautifly ",
"猎斑鱼":"huntail ",
"猛火猴":"monferno ",
"猪":"pig ",
"猫头鹰":"noctowl ",
"猫老大":"persian ",
"猴怪":"mankey ",
"獨角犀牛":"rhyhorn ",
"獨角蟲":"weedle ",
"獵斑魚":"huntail ",
"玛狃拉":"weavile ",
"珍珠貝":"clamperl ",
"班基拉斯":"tyranitar ",
"瑪力露":"marill ",
"瑪力露麗":"azumarill ",
"瑪沙那":"meditite ",
"瑪狃拉":"weavile ",
"瑪瑙水母":"tentacool ",
"瑪納霏":"manaphy ",
"瓦斯彈":"koffing ",
"甜甜螢":"illumise ",
"由克希":"uxie ",
"甲殼繭":"silcoon ",
"甲殼龍":"shelgon ",
"电兽":"electivire ",
"电击魔兽":"electivire ",
"电灯怪":"lanturn ",
"电飞鼠":"emolga ",
"电龙":"ampharos ",
"畢力吉翁":"virizion ",
"白海獅":"dewgong ",
"百变":"ditto ",
"百变怪":"ditto ",
"百合根娃娃":"petilil ",
"百變怪":"ditto ",
"百足蜈蚣":"venipede ",
"皮丘":"pichu ",
"皮卡丘":"pikachu ",
"皮可西":"clefable ",
"皮寶寶":"cleffa ",
"皮皮":"clefairy ",
"盆才怪":"bonsly ",
"盔甲鳥":"skarmory ",
"盔甲鸟":"skarmory ",
"直衝熊":"linoone ",
"盾甲繭":"cascoon ",
"盾甲龍":"shieldon ",
"石丸子":"roggenrola ",
"石居蟹":"dwebble ",
"破破袋":"trubbish ",
"磁怪":"magnezone ",
"禿鷹丫頭":"vullaby ",
"禿鷹娜":"mandibuzz ",
"秃鹰":"mandibuzz ",
"種子鐵球":"ferroseed ",
"穿山王":"sandslash ",
"穿山鼠":"sandshrew ",
"章魚桶":"octillery ",
"章鱼桶":"octillery ",
"索罗亚":"zoroark ",
"索罗亚克":"zoroark ",
"索羅亞":"zorua ",
"索羅亞克":"zoroark ",
"紳士蛾":"mothim ",
"結草兒":"burmy ",
"結草貴婦":"wormadam ",
"綠毛蟲":"caterpie ",
"罗丝雷朵":"roserade ",
"羅絲雷朵":"roserade ",
"美洛耶塔":"meloetta ",
"美納斯":"milotic ",
"美纳斯":"milotic ",
"美麗花":"bellossom ",
"翼龙":"aerodactyl ",
"老班":"tyranitar ",
"老鹰":"braviary ",
"耿鬼":"gengar ",
"聒噪鳥":"chatot ",
"肋骨海龜":"carracosta ",
"肋骨海龟":"carracosta ",
"肯泰罗":"tauros ",
"肯泰羅":"tauros ",
"胖丁":"jigglypuff ",
"胖可丁":"wigglytuff ",
"胖嘟嘟":"jellicent ",
"胡地":"alakazam ",
"脫殼忍者":"shedinja ",
"腕力":"machop ",
"自爆磁怪":"magnezone ",
"臭泥":"grimer ",
"臭臭泥":"muk ",
"臭臭花":"gloom ",
"臭鼬":"skuntank ",
"臭鼬噗":"stunky ",
"舞天鵝":"swanna ",
"艾姆利多":"mesprit ",
"艾路":"gallade ",
"艾路雷朵":"gallade ",
"芭瓢蟲":"ledyba ",
"花岩怪":"spiritomb ",
"花椰猴":"pansage ",
"花椰猿":"simisage ",
"茸茸羊":"flaaffy ",
"草苗龜":"turtwig ",
"菊石兽":"omastar ",
"菊石獸":"omanyte ",
"菊草葉":"chikorita ",
"萊希拉姆":"reshiram ",
"萌芽鹿":"sawsbuck ",
"落雷獸":"electrike ",
"葉伊布":"leafeon ",
"蓋歐卡":"kyogre ",
"蓋蓋蟲":"karrablast ",
"蓋諾賽克特":"genesect ",
"蓮帽小童":"lombre ",
"蓮葉童子":"lotad ",
"蔓藤怪":"tangela ",
"藍蟾蜍":"palpitoad ",
"藍鱷":"croconaw ",
"藤藤蛇":"snivy ",
"蘑蘑菇":"shroomish ",
"虫王":"heracross ",
"蚊香君":"poliwhirl ",
"蚊香泳士":"poliwrath ",
"蚊香蛙皇":"politoed ",
"蚊香蝌蚪":"poliwag ",
"蛇紋熊":"zigzagoon ",
"蛋蛋":"exeggcute ",
"蜂女王":"vespiquen ",
"蜈蚣王":"scolipede ",
"蜥蜴王":"sceptile ",
"蜻蜓":"flygon ",
"蜻蜻蜓":"yanma ",
"蝙蝠":"crobat ",
"螃蟹":"kingler ",
"螢光魚":"finneon ",
"螳螂":"scizor ",
"螺釘地鼠":"drilbur ",
"蟲寶包":"sewaddle ",
"蟾蜍":"seismitoad ",
"蟾蜍王":"seismitoad ",
"袋兽":"kangaskhan ",
"袋獸":"kangaskhan ",
"裙兒小姐":"lilligant ",
"角金魚":"goldeen ",
"觸手百合":"lileep ",
"詛咒娃娃":"banette ",
"請假王":"slaking ",
"謝米":"shaymin ",
"護城龍":"bastiodon ",
"變隱龍":"kecleon ",
"诅咒娃娃":"banette ",
"豆豆鴿":"pidove ",
"象征鸟":"sigilyph ",
"象徵鳥":"sigilyph ",
"象牙猪":"mamoswine ",
"象牙豬":"mamoswine ",
"豪力":"machoke ",
"貓老大":"persian ",
"貓頭夜鷹":"noctowl ",
"貓鼬斬":"zangoose ",
"負電拍拍":"minun ",
"败露球菇":"amoonguss ",
"赤面龍":"druddigon ",
"赤面龙":"druddigon ",
"赫拉":"heracross ",
"赫拉克勒斯":"heracross ",
"赫拉克罗斯":"heracross ",
"赫拉克羅斯":"heracross ",
"走路草":"oddish ",
"超夢":"mewtwo ",
"超甲狂犀":"rhyperior ",
"超音波幼蟲":"vibrava ",
"超音蝠":"zubat ",
"跑波克基斯":"togekiss ",
"路卡":"lucario ",
"路卡利欧":"lucario ",
"路卡利歐":"lucario ",
"跳跳豬":"spoink ",
"車輪毬":"whirlipede ",
"輕飄飄":"frillish ",
"远古巨蜓":"yanmega ",
"迷你冰":"vanillite ",
"迷你龍":"dratini ",
"迷唇姐":"jynx ",
"迷唇娃":"smoochum ",
"過動猿":"vigoroth ",
"達克萊伊":"darkrai ",
"達摩狒狒":"darmanitan ",
"遠古巨蜓":"yanmega ",
"酋雷姆":"kyurem ",
"酷豹":"liepard ",
"醜醜魚":"feebas ",
"野蠻鱸魚":"basculin ",
"金屬怪":"metang ",
"金魚王":"seaking ",
"金鱼王":"seaking ",
"鈴鐺響":"chingling ",
"鉗尾蠍":"skorupi ",
"銅鏡怪":"bronzor ",
"鐮刀盔":"kabutops ",
"鐵啞鈴":"beldum ",
"鐵掌力士":"hariyama ",
"鐵殼蛹":"kakuna ",
"鐵炮魚":"remoraid ",
"鐵甲蛹":"metapod ",
"鐵螯龍蝦":"crawdaunt ",
"鐵蟻":"durant ",
"鐵面忍者":"ninjask ",
"鐵骨土人":"gurdurr ",
"鑽角犀獸":"rhydon ",
"钟":"bell (bronzong) ",
"钢蛇":"steelix ",
"钢钟":"bronzong ",
"钢鸟":"skarmory ",
"铁掌":"hariyama ",
"铁蚁":"durant ",
"铁螯龙虾":"crawdaunt ",
"镰刀盔":"kabutops ",
"長尾怪手":"aipom ",
"長毛狗":"stoutland ",
"長毛豬":"piloswine ",
"長翅鷗":"wingull ",
"長耳兔":"lopunny ",
"長鼻葉":"nuzleaf ",
"长耳兔":"lopunny ",
"閃電鳥":"zapdos ",
"阿利多斯":"ariados ",
"阿勃梭魯":"absol ",
"阿勃梭鲁":"absol ",
"阿柏怪":"arbok ",
"阿柏蛇":"ekans ",
"阿爾宙斯":"arceus ",
"隆隆岩":"golem ",
"隆隆石":"graveler ",
"随风球":"drifblim ",
"隨風球":"drifblim ",
"雙倍多多冰":"vanilluxe ",
"雙刃丸":"dewott ",
"雙卵細胞球":"duosion ",
"雙尾怪手":"ambipom ",
"雙彈瓦斯":"weezing ",
"雙斧戰龍":"haxorus ",
"雙首暴龍":"zweilous ",
"雨翅蛾":"masquerain ",
"雪妖":"froslass ",
"雪妖女":"froslass ",
"雪童子":"snorunt ",
"雪笠怪":"snover ",
"雷丘":"raichu ",
"雷伊布":"jolteon ",
"雷公":"raikou ",
"雷吉奇卡斯":"regigigas ",
"雷吉斯":"registeel ",
"雷吉斯奇魯":"registeel ",
"雷吉洛克":"regirock ",
"雷吉艾斯":"regice ",
"雷布":"jolteon ",
"雷电兽":"manectric ",
"雷电斑马":"zebstrika ",
"雷電斑馬":"zebstrika ",
"雷電獸":"manectric ",
"雷電雲":"thundurus ",
"電擊怪":"elekid ",
"電擊獸":"electabuzz ",
"電擊魔獸":"electivire ",
"電燈怪":"lanturn ",
"電蜘蛛":"galvantula ",
"電螢蟲":"volbeat ",
"電電蟲":"joltik ",
"電飛鼠":"emolga ",
"電龍":"ampharos ",
"霏歐納":"phione ",
"霓虹魚":"lumineon ",
"露力麗":"azurill ",
"霸王花":"vileplume ",
"霹靂電球":"voltorb ",
"青綿鳥":"swablu ",
"青藤蛇":"servine ",
"青蛙":"poliwrath ",
"青銅鐘":"bronzong ",
"青铜钟":"bronzong ",
"青鸟":"altaria ",
"音箱蟀":"kricketune ",
"頑皮雷彈":"electrode ",
"頓甲":"donphan ",
"頭巾混混":"scrafty ",
"頭蓋龍":"cranidos ",
"顽皮雷弹":"electrode ",
"顿甲":"donphan ",
"風妖精":"whimsicott ",
"風速狗":"arcanine ",
"風鈴鈴":"chimecho ",
"飄浮泡泡":"castform ",
"飄飄球":"drifloon ",
"风速狗":"arcanine ",
"飛天螳螂":"scyther ",
"飛腿郎":"hitmonlee ",
"飞天螳螂":"scyther ",
"飞机":"togekiss ",
"飞腿":"hitmonlee ",
"飞腿郎":"hitmonlee ",
"飞鱼":"mantine ",
"食夢夢":"munna ",
"飯匙蛇":"seviper ",
"駒刀小兵":"pawniard ",
"騎士蝸牛":"escavalier ",
"騎拉帝納":"giratina ",
"驚角鹿":"stantler ",
"骑士蜗牛":"escavalier ",
"高傲雉雞":"unfezant ",
"鬼斯":"gastly ",
"鬼斯通":"haunter ",
"鬼灯":"chandelure ",
"魅力喵":"glameow ",
"魔尼尼":"mime jr. ",
"魔灵":"dusknoir ",
"魔牆人偶":"mr. mime ",
"鯉魚王":"magikarp ",
"鯰魚王":"whiscash ",
"鲶鱼王":"whiscash ",
"鳗鱼":"eelektross ",
"鳳王":"ho-oh ",
"鴨嘴寶寶":"magby ",
"鴨嘴火獸":"magmar ",
"鴨嘴炎獸":"magmortar ",
"鴨寶寶":"ducklett ",
"鸭嘴":"magmortar ",
"麒麟奇":"girafarig ",
"麻痹万灵":"para? ",
"麻麻小魚":"tynamo ",
"麻麻鰻":"eelektrik ",
"麻麻鰻魚王":"eelektross ",
"麻麻鳗鱼王":"eelektross ",
"黑夜魔靈":"dusknoir ",
"黑暗鴉":"murkrow ",
"黑狗":"houndoom ",
"黑眼鱷":"sandile ",
"黑魯加":"houndoom ",
"黑鲁加":"houndoom ",
"齒輪兒":"klink ",
"齒輪怪":"klinklang ",
"齒輪組":"klang ",
"龍捲雲":"tornadus ",
"龍王蠍":"drapion ",
"龍蝦小兵":"corphish ",
"龍頭地鼠":"excadrill ",
"龐岩怪":"gigalith ",
"龙头地鼠":"excadrill ",
"龙王蝎":"drapion ",
"ＤＤ金勾臂":"darkest lariat ",
"Ｖ热焰":"v-create ",
"万圣夜":"trick-or-treat ",
"万有引力":"grav apple ",
"三旋击":"triple axel ",
"三连箭":"triple arrows ",
"三连踢":"triple kick ",
"三连钻":"triple dive ",
"三重攻击":"tri attack ",
"上菜":"order up ",
"下压踢":"axe kick ",
"下盘踢":"low sweep ",
"丛林治疗":"jungle healing ",
"临别礼物":"memento ",
"乱击":"fury attack ",
"乱抓":"fury swipes ",
"二连":"dual chop ",
"二连击":"double hit ",
"二连劈":"dual chop ",
"二连踢":"double kick ",
"亚空裂斩":"spacial rend ",
"交换场地":"ally switch ",
"交错火焰":"fusion flare ",
"交错闪电":"fusion bolt ",
"亮亮风暴":"sparkly swirl ",
"仆刀":"kowtow cleave ",
"以牙":"payback ",
"以牙还牙":"payback ",
"仿效":"copycat ",
"伏特攻击":"volt tackle ",
"伏特替换":"volt switch ",
"传递礼物":"bestow ",
"佯攻":"feint ",
"保护色":"camouflage ",
"信号光束":"signal beam ",
"修长之角":"smart strike ",
"借力摔":"vital throw ",
"借助":"assist ",
"假哭":"fake tears ",
"假跪真撞":"false surrender ",
"健美":"bulk up ",
"偷懒":"slack off ",
"催眠术":"hypnosis ",
"催眠粉":"sleep powder ",
"充电":"charge ",
"充电光束":"charge beam ",
"光合作用":"synthesis ",
"光墙":"light screen ",
"光子喷涌":"photon geyser ",
"克命爪":"dire claw ",
"全开猛撞":"collision course ",
"再来一次":"encore ",
"写生":"sketch ",
"冤冤相报":"bitter malice ",
"冥想":"calm mind ",
"冰光":"ice beam ",
"冰冰霜冻":"freezy frost ",
"冰冷视线":"freezing glare ",
"冰冻之风":"icy wind ",
"冰冻伏特":"freeze shock ",
"冰冻光束":"ice beam ",
"冰冻拳":"ice punch ",
"冰冻牙":"ice fang ",
"冰封世界":"glaciate ",
"冰山风":"mountain gale ",
"冰息":"frost breath ",
"冰旋":"ice spinner ",
"冰柱坠击":"icicle crash ",
"冰球":"ice ball ",
"冰砾":"ice shard ",
"冰锤":"ice hammer ",
"冰锥":"icicle spear ",
"冰雹":"hail ",
"冲天拳":"sky uppercut ",
"冲岩":"accelerock ",
"冲浪":"surf ",
"冷冻干燥":"freeze-dry ",
"冷笑话":"chilly reception ",
"净化":"purify ",
"出奇一击":"feint attack ",
"击掌奇袭":"fake out ",
"击落":"smack down ",
"分担痛楚":"pain split ",
"制裁光砾":"judgment ",
"刷刷茶炮":"matcha gotcha ",
"刺耳声":"screech ",
"剑舞":"swords dance ",
"剧毒":"toxic ",
"剧毒牙":"poison fang ",
"劈开":"slash ",
"劈瓦":"brick break ",
"力量互换":"power swap ",
"力量寶石":"power gem ",
"力量平分":"power split ",
"力量戏法":"power trick ",
"力量转换":"power shift ",
"加农光炮":"flash cannon ",
"加农水炮":"hydro cannon ",
"勇气填充":"take heart ",
"勇鸟猛攻":"brave bird ",
"十万":"thunderbolt ",
"十万伏特":"thunderbolt ",
"十万马力":"high horsepower ",
"十字":"x-scissors ",
"十字剪":"x-scissors ",
"十字劈":"cross chop ",
"十字毒刃":"cross poison ",
"千变万花":"flower trick ",
"千波激荡":"thousand waves ",
"千箭齐发":"thousand arrows ",
"单纯光束":"simple beam ",
"原始之力":"ancient power ",
"双倍奉还":"counter ",
"双光束":"twin beam ",
"双刃头槌":"head smash ",
"双刃头锤":"head smash ",
"双翼":"dual wingbeat ",
"双针":"twineedle ",
"反射壁":"reflect ",
"发劲":"force palm ",
"变圆":"defense curl ",
"变小":"minimize ",
"变硬":"harden ",
"变身":"transform ",
"古老之歌":"relic song ",
"叫声":"growl ",
"叶刃":"leaf blade ",
"叶绿爆震":"chloroblast ",
"号令":"instruct ",
"同命":"destiny bond ",
"同步干扰":"synchronoise ",
"吐丝":"string shot ",
"吞下":"swallow ",
"吵闹":"uproar ",
"吸取":"absorb/drainpunch ",
"吸取之吻":"draining kiss ",
"吸取力量":"strength sap ",
"吸取拳":"drain punch ",
"吸血":"leech life ",
"吹捧":"flatter ",
"吹飞":"whirlwind ",
"吼叫":"roar ",
"和睦相处":"play nice ",
"咬":"bite ",
"咬住":"bite ",
"咬碎":"crunch ",
"哈欠":"yawn ",
"哗哗气场":"glitzy glow ",
"唤醒巴掌":"wake-up slap ",
"唱歌":"sing ",
"啄":"peck ",
"啄钻":"drill peck ",
"啄食":"pluck ",
"喋喋不休":"chatter ",
"喝牛奶":"milk drink ",
"喷出":"spit up ",
"喷射拳":"jet punch ",
"喷射火焰":"flamethrower ",
"喷水":"water spout ",
"喷火":"eruption ",
"喷烟":"lava plume ",
"嚣张":"power trip ",
"回声":"echoed voice ",
"回复封锁":"heal block ",
"回复指令":"heal order ",
"回收利用":"recycle ",
"回旋踢":"rolling kick ",
"回旋镖":"bonemerang ",
"围攻":"beat up ",
"圆瞳":"baby-doll eyes ",
"圣剑":"sacred sword ",
"地狱突刺":"throat chop ",
"地狱翻滚":"submission ",
"地球上投":"seismic toss ",
"地球投":"seismic toss ",
"地裂":"fissure ",
"地震":"earthquake ",
"坏坏领域":"baddy bad ",
"垃圾射击":"gunk shot ",
"增强拳":"power-up punch ",
"复仇":"comeuppance ",
"复生祈祷":"revival blessing ",
"多属性攻击":"multi-attack ",
"大地":"earth power ",
"大地之力":"earth power ",
"大地掌控":"geomancy ",
"大地波动":"terrain pulse ",
"大地神力":"land's wrath ",
"大声咆哮":"snarl ",
"大字爆炎":"fire blast ",
"大快朵颐":"stuff cheeks ",
"大愤慨":"raging fury ",
"大扫除":"tidy up ",
"大晴天":"sunny day ",
"大火":"fire blast ",
"大灾难":"ruination ",
"大爆炸":"explosion ",
"大蛇瞪眼":"glare ",
"大闹一番":"thrash ",
"天使之吻":"sweet kiss ",
"太晶爆发":"tera blast ",
"头锤":"headbutt ",
"夹住":"vise grip ",
"奇妙空间":"wonder room ",
"奇异之光":"confuse ray ",
"奇异之风":"ominous wind ",
"奇迹之眼":"miracle eye ",
"妒火":"burning jealousy ",
"妖精之锁":"fairy lock ",
"妖精之风":"fairy wind ",
"嬉闹":"play rough ",
"子弹拳":"bullet punch ",
"宇宙力量":"cosmic power ",
"守住":"protect ",
"定身法":"disable ",
"寄生":"leech seed ",
"寄生种子":"leech seed ",
"密语":"confide ",
"封印":"imprison ",
"小偷":"thief ",
"尖刺加农炮":"spike cannon ",
"尖刺臂":"needle arm ",
"尖刺防守":"spiky shield ",
"尖石":"stone edge ",
"尖石攻击":"stone edge ",
"居合斩":"cut ",
"屏障":"barrier ",
"屏障猛攻":"psyshield bash ",
"山岚摔":"storm throw ",
"岩崩":"rock slide ",
"岩斧":"stone axe ",
"岩石封锁":"rock tomb ",
"岩石打磨":"rock polish/honeclaw? ",
"岩石炮":"rock wrecker ",
"岩石爆击":"rock blast ",
"巨兽弹":"behemoth bash ",
"巨兽斩":"behemoth blade ",
"巨劍突擊":"glaive rush ",
"巨力锤":"gigaton hammer ",
"巨声":"hyper voice ",
"巨龙威能":"dragon energy ",
"巴投":"circle throw ",
"帮助":"helping hand ",
"幸运咒语":"lucky chant ",
"幻象光线":"psybeam ",
"广域战力":"expanding force ",
"广域破坏":"breaking swipe ",
"广域防守":"wide guard ",
"庆祝":"celebrate ",
"延后":"quash ",
"异次元洞":"hyperspace hole ",
"异次元猛攻":"hyperspace fury ",
"弹跳":"bounce ",
"强刃攻击":"mighty cleave ",
"强力钻":"hyper drill ",
"强力鞭打":"power whip ",
"彗星拳":"meteor mash ",
"影子偷袭":"shadow sneak ",
"影子分身":"double team ",
"心之眼":"mind reader ",
"心灵互换":"heart swap ",
"必杀门牙":"hyper fang ",
"忍耐":"bide ",
"快手还击":"upper hand ",
"快速折返":"flip turn ",
"快速防守":"quick guard ",
"念力":"confusion ",
"怒火中烧":"fiery wrath ",
"怒牛":"raging bull ",
"急速折返":"u-turn ",
"怨念":"grudge ",
"怨恨":"spite ",
"怪异电波":"eerie impulse ",
"恶之波动":"dark pulse ",
"恶意追击":"assurance ",
"恶梦":"nightmare ",
"恶波":"dark pulse ",
"恶魔之吻":"lovely kiss ",
"悔念剑":"bitter blade ",
"您先请":"after you ",
"惊吓":"astonish ",
"惊爆大头":"mind blown ",
"惡魔之吻":"lovely kiss ",
"惩罚":"punishment ",
"意念头锤":"zen headbutt ",
"意念移物":"telekinesis ",
"愤怒":"rage ",
"愤怒之拳":"rage fist ",
"愤怒粉":"rage powder ",
"愤怒门牙":"super fang ",
"戏法":"trick ",
"戏法空间":"trick room ",
"戏法防守":"crafty shield ",
"战吼":"noble roar ",
"手下留情":"hold back ",
"扎根":"ingrain ",
"扑击":"body press ",
"打嗝":"belch ",
"打草结":"grass knot ",
"打雷":"thunder ",
"打鼾":"snore ",
"扫墓":"last respects ",
"扫尾拍打":"tail slap ",
"扮演":"role play ",
"找伙伴":"entrainment ",
"抓":"scratch ",
"抓狂":"flail ",
"投掷":"fling ",
"投球":"barrage ",
"折弯汤匙":"kinesis ",
"折返":"u-turn ",
"抛下狠话":"parting shot ",
"抛物面充电":"parabolic charge ",
"抢先一步":"me first ",
"抢夺":"snatch ",
"报仇":"retaliate ",
"报复":"revenge ",
"报恩":"return ",
"拍击":"pound ",
"拍落":"knock off ",
"拦堵":"obstruct ",
"指导":"coaching ",
"挑衅":"taunt ",
"挖洞":"dig ",
"挠痒":"tickle ",
"挡路":"block ",
"挣扎":"struggle ",
"挥指":"metronome ",
"挺住":"endure ",
"捏碎":"crush grip ",
"捕兽夹":"snap trap ",
"换场":"court change ",
"换挡":"shift gear ",
"掀榻榻米":"mat block ",
"掉包":"switcheroo ",
"接棒":"baton pass ",
"掷泥":"mud-slap ",
"掷锚":"anchor shot ",
"描绘":"doodle ",
"搏命":"final gambit ",
"摇尾巴":"tail whip ",
"摇晃舞":"teeter dance ",
"摔打":"slam ",
"撒娇":"charm ",
"撒菱":"spikes ",
"撕裂爪":"crush claw ",
"撞击":"tackle ",
"攀岩":"rock climb ",
"攀瀑":"waterfall ",
"攻击指令":"attack order ",
"放电":"discharge ",
"断头钳":"guillotine ",
"断尾":"shed tail ",
"断崖之剑":"precipice blades ",
"新月祈祷":"lunar blessing ",
"新月舞":"lunar dance ",
"旋风刀":"razor wind ",
"无极光束":"eternabeam ",
"无理取闹":"torment ",
"日光刃":"solar blade ",
"日光束":"solar beam ",
"时光咆哮":"roar of time ",
"星碎":"astral barrage ",
"晨光":"morning sun ",
"晴天":"sunny day ",
"晶光星群":"tera starstorm ",
"晶光转转":"mortal spin ",
"暗冥强击":"wicked blow ",
"暗影之光":"moongeist beam ",
"暗影之骨":"shadow bone ",
"暗影偷盗":"spectral thief ",
"暗影拳":"shadow punch ",
"暗影潜袭":"shadow force ",
"暗影爪":"shadow claw ",
"暗影球":"shadow ball ",
"暗袭":"night slash ",
"暗袭要害":"night slash ",
"暗黑洞":"dark void ",
"暗黑爆破":"night daze ",
"暴风":"hurricane ",
"暴风雪":"blizzard ",
"替身":"substitute ",
"月亮之力":"moonblast ",
"月光":"moonlight ",
"木枝突刺":"branch poke ",
"木槌":"wood hammer ",
"木角":"horn leech ",
"杂技":"acrobatics ",
"极光幕":"aurora veil ",
"极光束":"aurora beam ",
"极寒冷焰":"ice burn ",
"极巨大地":"max quake ",
"极巨妖精":"max starfall ",
"极巨寒冰":"max hailstorm ",
"极巨岩石":"max rockfall ",
"极巨幽魂":"max phantasm ",
"极巨恶霸":"max darkness ",
"极巨拳斗":"max knuckle ",
"极巨攻击":"max strike ",
"极巨水流":"max geyser ",
"极巨火爆":"max flare ",
"极巨炮":"dynamax cannon ",
"极巨草原":"max overgrowth ",
"极巨虫蛊":"max flutterby ",
"极巨超能":"max mindstorm ",
"极巨酸毒":"max ooze ",
"极巨钢铁":"max steelspike ",
"极巨闪电":"max lightning ",
"极巨防壁":"max guard ",
"极巨飞冲":"max airstream ",
"极巨龙骑":"max wyrmwind ",
"枯叶风暴":"bleakwind storm ",
"查封":"embargo ",
"树叶":"leafage ",
"核心惩罚者":"core enforcer ",
"根源波动":"origin pulse ",
"梦话":"sleep talk ",
"棉孢子":"cotton spore ",
"棉花防守":"cotton guard ",
"棘藤棒":"ivy cudgel ",
"森林诅咒":"forest's curse ",
"棱角化":"sharpen ",
"棱镜镭射":"prismatic laser ",
"模仿":"mimic ",
"欢乐时光":"happy hour ",
"欺诈":"foul play ",
"死亡之翼":"oblivion wing ",
"死缠烂打":"infestation ",
"毒丝":"toxic thread ",
"毒击":"poison jab ",
"毒千针":"barb barrage ",
"毒尾":"poison tail ",
"毒液冲击":"venoshock ",
"毒液陷阱":"venom drench ",
"毒瓦斯":"poison gas ",
"毒粉":"poison powder ",
"毒菱":"toxic spikes ",
"毒针":"poison sting ",
"气味侦测":"odor sleuth ",
"气场之翼":"esper wing ",
"气场轮":"aura wheel ",
"气旋攻击":"aeroblast ",
"气象球":"weather ball ",
"水之波动":"water pulse ",
"水之誓约":"water pledge ",
"水枪":"water gun ",
"水波刀":"aqua cutter ",
"水流喷射":"aqua jet ",
"水流尾":"aqua tail ",
"水流环":"aqua ring ",
"水流裂破":"liquidation ",
"水流连打":"surging strikes ",
"水炮":"hydro pump ",
"水蒸气":"hydro steam ",
"求雨":"rain dance ",
"污泥":"sludge ",
"污泥攻击":"sludge ",
"污泥波":"sludge wave ",
"污泥炸弹":"sludge bomb ",
"汲取":"leech life ",
"沙暴":"sandstorm ",
"沥青射击":"tar shot ",
"治愈之愿":"healing wish ",
"治愈波动":"heal pulse ",
"治愈铃声":"heal bell ",
"泄愤":"lash out ",
"泡影的咏叹调":"sparkling aria ",
"泡沫":"bubble ",
"泡沫光线":"bubble beam ",
"波动冲":"wave crash ",
"波导弹":"aura sphere ",
"泥巴射击":"mud shot ",
"泥巴炸弹":"mud bomb ",
"泪眼汪汪":"tearful look ",
"泰山压顶":"body slam ",
"泼冷水":"chilling water ",
"泼沙":"sand attack ",
"洁净光芒":"luster purge ",
"活活气泡":"bouncy bubble ",
"流星光束":"meteor beam ",
"流星突击":"meteor assault ",
"流星群":"draco meteor ",
"流星闪冲":"sunsteel strike ",
"流水旋舞":"aqua step ",
"流沙地狱":"sand tomb ",
"浊流":"muddy water ",
"浊雾":"smog ",
"浸水":"soak ",
"淘金潮":"make it rain ",
"混乱":"confusion ",
"清醒":"smelling salts ",
"清除之烟":"clear smog ",
"清除浓雾":"defog ",
"渴望":"covet ",
"溶化":"acid armor ",
"溶解液":"acid ",
"滔滔冲浪":"splishy splash ",
"滚动":"rollout ",
"潜水":"dive ",
"潜灵奇袭":"phantom force ",
"潮旋":"whirlpool ",
"火之舞":"fiery dance ",
"火之誓约":"fire pledge ",
"火拳":"fire punch ",
"火焰守护":"burning bulwark ",
"火焰弹":"searing shot ",
"火焰拳":"fire punch ",
"火焰旋涡":"fire spin ",
"火焰牙":"fire fang ",
"火焰球":"pyro ball ",
"火焰踢":"blaze kick ",
"火焰轮":"flame wheel ",
"火焰鞭":"fire lash ",
"火牙":"fire fang ",
"火箭头锤":"skull bash ",
"火花":"ember ",
"灭亡之歌":"perish song ",
"灵骚":"poltergeist ",
"灵魂冲击":"spirit break ",
"炸蛋":"egg bomb ",
"点到为止":"false swipe ",
"点穴":"acupressure ",
"炼狱":"inferno ",
"烈焰溅射":"flame burst ",
"烟幕":"smokescreen ",
"烦恼种子":"worry seed ",
"烧尽":"incinerate ",
"热带踢":"trop kick ",
"热水":"scald ",
"热沙大地":"scorching sands ",
"热沙风暴":"sandsear storm ",
"热风":"heat wave ",
"焕然一新":"refresh ",
"熊熊火爆":"sizzly slide ",
"熔岩风暴":"magma storm ",
"燃尽":"burn up ",
"燕返":"aerial ace ",
"爆炸头突击":"head charge ",
"爆炸烈焰":"blast burn ",
"爆裂拳":"dynamic punch ",
"爆音波":"boomburst ",
"爬击":"skitter smack ",
"爱心印章":"heart stamp ",
"牵手":"hold hands ",
"特性互换":"skill swap ",
"狂舞挥打":"brutal swing ",
"狙击":"snipe shot ",
"猛扑":"lunge ",
"猛推":"arm thrust ",
"猛撞":"take down ",
"王牌":"trump card ",
"王者盾牌":"king's shield ",
"玩水":"water sport ",
"玩泥巴":"mud sport ",
"珍藏":"last resort ",
"琉光冲激":"lumina crash ",
"瑜伽姿势":"meditate ",
"甜甜香气":"sweet scent ",
"生命水滴":"life dew ",
"生蛋":"soft-boiled ",
"生长":"growth ",
"甩肉":"fillet away ",
"电光":"spark ",
"电光一闪":"quick attack ",
"电光双击":"double shock ",
"电光束":"electro shot ",
"电击":"thunder shock ",
"电击波":"shock wave ",
"电力上升":"rising voltage ",
"电喙":"bolt beak ",
"电拳":"thunder punch ",
"电气场地":"electric terrain ",
"电球":"electro ball ",
"电电加速":"zippy zap ",
"电磁波":"thunder wave ",
"电磁炮":"zap cannon ",
"电磁飘浮":"magnet rise ",
"电网":"electroweb ",
"画龙点睛":"dragon ascent ",
"疯狂伏特":"wild charge ",
"疯狂植物":"frenzy plant ",
"疯狂滚压":"steamroller ",
"疾速转轮":"spin out ",
"白雾":"mist ",
"百万吨重拳":"mega punch ",
"百万吨重踢":"mega kick ",
"盐水":"brine ",
"盐腌":"salt cure ",
"盘蜷":"coil ",
"直冲钻":"drill run ",
"看我嘛":"follow me ",
"看穿":"detect ",
"真气弹":"focus blast ",
"真气拳":"focus punch ",
"真空波":"vacuum wave ",
"睡觉":"rest ",
"瞪眼":"leer ",
"瞬间失忆":"amnesia ",
"瞬间移动":"teleport ",
"砰砰击破":"veevee volley ",
"破坏光线":"hyper beam ",
"破壳":"shell smash ",
"破灭之光":"light of ruin ",
"破灭之愿":"doom desire ",
"破音":"overdrive ",
"硬压":"hard press ",
"硬撑":"facade ",
"碉堡":"baneful bunker ",
"碎岩":"rock smash ",
"磁场操控":"magnetic flux ",
"磁铁炸弹":"magnet bomb ",
"磨爪":"hone claws ",
"磨砺":"laser focus ",
"礼物":"present ",
"祈愿":"wish ",
"神圣之火":"sacred fire ",
"神奇蒸汽":"strange steam ",
"神秘之剑":"secret sword ",
"神秘之力":"mystical power ",
"神秘守护":"safeguard ",
"神通力":"extrasensory ",
"神速":"extreme speed ",
"神鸟猛击":"sky attack ",
"祸不单行":"hex ",
"种子机关枪":"bullet seed ",
"种子炸弹":"seed bomb ",
"种子闪光":"seed flare ",
"秘剑・千重涛":"ceaseless edge ",
"秘密之力":"secret power ",
"移花接木":"foul play ",
"空手劈":"karate chop ",
"空气之刃":"air slash ",
"空气利刃":"air cutter ",
"空气斩":"air slash ",
"突袭":"sucker punch ",
"突飞猛扑":"headlong rush ",
"章鱼桶炮":"octazooka ",
"等离子浴":"ion deluge ",
"等离子闪电拳":"plasma fists ",
"粉尘":"powder ",
"精神之牙":"psychic fangs ",
"精神冲击":"psyshock ",
"精神击破":"psystrike ",
"精神利刃":"psycho cut ",
"精神劍":"psyblade ",
"精神噪音":"psychic noise ",
"精神场地":"psychic terrain ",
"精神强念":"psychic ",
"精神波":"psywave ",
"精神突进":"psycho boost ",
"精神转移":"psycho shift ",
"糖浆炸弹":"syrup bomb ",
"紧咬不放":"jaw lock ",
"紧束":"wrap ",
"纹理":"conversion ",
"纹理２":"conversion 2 ",
"线阱":"silk trap ",
"细雪":"powder snow ",
"终极冲击":"giga impact ",
"终极吸取":"giga drain ",
"绑紧":"bind ",
"绝对零度":"sheer cold ",
"绞紧":"wring out ",
"缝影":"spirit shackle ",
"缠绕":"constrict ",
"缩入壳中":"withdraw ",
"群魔乱舞":"infernal parade ",
"羽栖":"roost ",
"羽毛舞":"feather dance ",
"翅膀攻击":"wing attack ",
"耕地":"rototiller ",
"聚光灯":"spotlight ",
"聚宝功":"pay day ",
"聚气":"focus energy ",
"胃液":"gastro acid ",
"背水一战":"no retreat ",
"胜利之舞":"victory dance ",
"能量球":"energy ball ",
"腐蚀气体":"corrosive gas ",
"腹鼓":"belly drum ",
"臂贝武器":"shell side arm ",
"臂锤":"hammer arm ",
"自我再生":"recover ",
"自我暗示":"psych up ",
"自我激励":"work up ",
"自然之力":"nature power ",
"自然之怒":"nature's madness ",
"自然之恩":"natural gift ",
"自爆":"self-destruct ",
"自由落体":"sky drop ",
"致命针刺":"fell stinger ",
"舌舔":"lick ",
"舍身冲撞":"double-edge ",
"花朵加农炮":"fleur cannon ",
"花瓣舞":"petal dance ",
"花疗":"floral healing ",
"花粉团":"pollen puff ",
"芳香治疗":"aromatherapy ",
"芳香薄雾":"aromatic mist ",
"苹果酸":"apple acid ",
"茁茁轰炸":"sappy seed ",
"茶会":"teatime ",
"草之誓约":"grass pledge ",
"草笛":"grass whistle ",
"萤火":"tail glow ",
"落石":"rock throw ",
"落英缤纷":"petal blizzard ",
"蒸汽爆炸":"steam eruption ",
"蓄力":"stockpile ",
"蓄能焰袭":"flame charge ",
"薄雾场地":"misty terrain ",
"薄雾炸裂":"misty explosion ",
"薄雾球":"mist ball ",
"藤鞭":"vine whip ",
"蘑菇孢子":"spore ",
"虚张声势":"swagger ",
"虫之抵抗":"struggle bug ",
"虫咬":"bug bite ",
"虫扑":"pounce ",
"虫鸣":"bug buzz ",
"蛛网":"spider web ",
"蛮力":"superpower ",
"蛮干":"endeavor ",
"蛸固":"octolock ",
"蝶舞":"quiver dance ",
"蟹钳锤":"crabhammer ",
"血月":"blood moon ",
"装饰":"decorate ",
"觉":"hidden power ",
"觉醒之舞":"revelation dance ",
"觉醒力量":"hidden power ",
"角撞":"horn attack ",
"角钻":"horn drill ",
"诅咒":"curse ",
"识破":"foresight ",
"诡异咒语":"eerie spell ",
"诡计":"nasty plot ",
"诱惑":"captivate ",
"豁出去":"temper flare ",
"贝壳刃":"razor shell ",
"贝壳夹击":"clamp ",
"起死回生":"reversal ",
"起草":"trailblaze ",
"起风":"gust ",
"超级吸取":"mega drain ",
"超级角击":"megahorn ",
"超能":"psychic ",
"超音波":"supersonic ",
"跃起":"splash ",
"跺脚":"stomping tantrum ",
"踢倒":"low kick ",
"踩踏":"stomp ",
"蹭蹭脸颊":"nuzzle ",
"身体轻量化":"autotomize ",
"轮唱":"round ",
"辅助力量":"stored power ",
"辅助齿轮":"gear up ",
"输电":"electrify ",
"辣椒精华":"spicy extract ",
"迁怒":"frustration ",
"迅子利刃":"tachyon cutter ",
"迅雷":"thunderclap ",
"过热":"overheat ",
"迎头一击":"first impression ",
"近战":"close combat ",
"近身":"close combat ",
"近身战":"close combat ",
"连劈":"dual chop ",
"连斩":"fury cutter ",
"连环巴掌":"double slap ",
"连续拳":"comet punch ",
"迷人":"attract ",
"迷昏拳":"dizzy punch ",
"追打":"pursuit ",
"逆鳞":"outrage ",
"逐步击破":"chip away ",
"速度互换":"speed swap ",
"邪毒锁链":"malignant chain ",
"酸液炸弹":"acid spray ",
"重力":"gravity ",
"重磅冲击":"heavy slam ",
"重磅冲撞":"heavy slam ",
"重踏":"bulldoze ",
"金属爆炸":"metal burst ",
"金属爪":"metal claw ",
"金属音":"metal sound ",
"钢拳双击":"double iron bash ",
"钢翼":"steel wing ",
"钻石风暴":"diamond storm ",
"铁壁":"iron defense ",
"铁头":"iron head ",
"铁尾":"iron tail ",
"铁滚轮":"steel roller ",
"铁蹄光线":"steel beam ",
"铠农炮":"armor cannon ",
"银色旋风":"silver wind ",
"锁定":"lock-on ",
"镜光射击":"mirror shot ",
"镜面反射":"mirror coat ",
"镜面属性":"reflect type ",
"长嚎":"howl ",
"门牙":"super fang ",
"闪光":"flash ",
"闪焰冲锋":"flare blitz ",
"闪焰高歌":"torch song ",
"闪电强袭":"supercell slam ",
"闪电猛冲":"electro drift ",
"闪闪雷光":"pika papow ",
"闭关":"shelter ",
"防守互换":"guard swap ",
"防守平分":"guard split ",
"防御指令":"defend order ",
"阳春风暴":"springtide storm ",
"陀螺球":"gyro ball ",
"陷阱甲壳":"shell trap ",
"随机光":"fickle beam ",
"隐形岩":"stealth rock ",
"集沙":"shore up ",
"雪崩":"avalanche ",
"雪景":"snowscape ",
"雪矛":"glacial lance ",
"雷":"thunder ",
"雷击":"bolt strike ",
"雷拳":"thunder punch ",
"雷电囚笼":"thunder cage ",
"雷电拳":"thunder punch ",
"雷电牙":"thunder fang ",
"雷電牙":"thunder fang ",
"雷鸣蹴击":"thunderous kick ",
"震级":"magnitude ",
"青焰":"blue flare ",
"青草场地":"grassy terrain ",
"青草搅拌器":"leaf tornado ",
"青草滑梯":"grassy glide ",
"音爆":"sonic boom ",
"音速拳":"mach punch ",
"顺风":"tailwind ",
"预知未来":"future sight ",
"颠倒":"topsy-turvy ",
"飘飘坠落":"floaty fall ",
"飞":"fly ",
"飞叶快刀":"razor leaf ",
"飞叶风暴":"leaf storm ",
"飞弹针":"pin missile ",
"飞水手里剑":"water shuriken ",
"飞翔":"fly ",
"飞膝踢":"high jump kick ",
"飞踢":"jump kick ",
"飞身重压":"flying press ",
"食梦":"dream eater ",
"骨头回力镖":"bonemerang ",
"骨棒":"bone club ",
"骨棒乱打":"bone rush ",
"高温重压":"heat crash ",
"高科技光炮":"techno blast ",
"高速旋转":"rapid spin ",
"高速星星":"swift ",
"高速移动":"agility ",
"鬼火":"will-o-wisp ",
"鬼面":"scary face ",
"魂舞烈音爆":"clangorous soul ",
"魅惑之声":"disarming voice ",
"魅诱之声":"alluring voice ",
"魔法反射":"magic coat ",
"魔法叶":"magical leaf ",
"魔法火焰":"mystical fire ",
"魔法空间":"magic room ",
"魔法粉":"magic powder ",
"魔法闪耀":"dazzling gleam ",
"鲜花防守":"flower shield ",
"鳃咬":"fishious rend ",
"鳞射":"scale shot ",
"鳞片噪音":"clanging scales ",
"鸟嘴加农炮":"beak blast ",
"鸣雷风暴":"wildbolt storm ",
"鹦鹉学舌":"mirror move ",
"麻痺粉":"stun spore ",
"麻麻刺刺":"zing zap ",
"麻麻电击":"buzzy buzz ",
"黏黏网":"sticky web ",
"黑夜魔影":"night shade ",
"黑色目光":"mean look ",
"黑雾":"haze ",
"鼓击":"drum beating ",
"鼠数儿":"population bomb ",
"齿轮飞盘":"gear grind ",
"龙之俯冲":"dragon rush ",
"龙之怒":"dragon rage ",
"龙之波动":"dragon pulse ",
"龙之舞":"dragon dance ",
"龙卷风":"twister ",
"龙声鼓舞":"dragon cheer ",
"龙尾":"dragon tail ",
"龙息":"dragon breath ",
"龙波":"dragon pulse ",
"龙爪":"dragon claw ",
"龙箭":"dragon darts ",
"龙锤":"dragon hammer ",
" 达人带":"expert belt ",
"一般宝石":"normal gem ",
"万能伞":"utility umbrella ",
"不变之石":"everstone ",
"不融冰":"never-melt ice ",
"丝绸围巾":"silk scarf ",
"乐芭果":"aguav berry ",
"充电电池":"cell battery ",
"先制之爪":"quick claw ",
"光之粘土":"light clay ",
"光之黏土":"light clay ",
"光粉":"bright powder ",
"光苔":"luminous moss ",
"冰之宝石":"ice gem ",
"冰冷岩石":"icy rock ",
"冰冻卡带":"chill drive ",
"冰柱石板":"icicle plate ",
"凸凸头盔":"rocky helmet ",
"剧毒宝珠":"toxic orb ",
"剧毒石板":"toxic plate ",
"剩饭":"leftover ",
"力量头带":"muscle band ",
"力量头戴":"muscle band ",
"力量护腕":"power bracer ",
"力量护踝":"power anklet ",
"力量束带":"power band ",
"力量腰带":"power belt ",
"力量负重":"power weight ",
"力量镜":"power lens ",
"千香果":"passho berry ",
"升級資料":"upgrade ",
"升级数据":"upgrade ",
"博识眼镜":"wise glasses ",
"厚底靴":"heavy-duty boots ",
"可疑补丁":"dubious disc ",
"吃剩的东西":"leftovers ",
"吉利拳":"lucky punch ",
"后攻之尾":"lagging tail ",
"命玉":"life orb ",
"围巾":"choice scarf ",
"地面宝石":"ground gem ",
"大地石板":"earth plate ",
"大地膜":"terrain extender ",
"大根茎":"big root ",
"大葱":"leek ",
"头带":"choice band ",
"头盔":"rocky helmet ",
"奇异薰香":"odd incense ",
"奇迹种子":"miracle seed ",
"妖怪石板":"spooky plate ",
"妖精石板":"pixie plate ",
"安抚之铃":"soothe bell ",
"客房服务":"room service ",
"对焦镜":"zoom lens ",
"岩石宝石":"rock gem ",
"岩石石板":"stone plate ",
"岩石薰香":"rock incense ",
"幸运薰香":"luck incense ",
"幸运蛋":"lucky egg ",
"幽灵宝石":"ghost gem ",
"广角镜":"wide lens ",
"弯曲的汤匙":"twisted spoon ",
"弱点保险":"weakness policy ",
"强制锻炼器":"macho brace ",
"强力香草":"power herb ",
"心之水滴":"soul dew ",
"心灵香草":"mental herb ",
"恶之宝石":"dark gem ",
"恶颜石板":"dread plate ",
"悠闲薰香":"lax incense ",
"打空保险":"blunder policy ",
"护具":"protector ",
"护符金币":"amulet coin ",
"披带":"focus sash ",
"拳头石板":"fist plate ",
"文柚果":"sitrus berry ",
"木子果":"lum berry ",
"木炭":"charcoal ",
"朱红色宝珠":"red orb ",
"枝荔果":"liechi berry ",
"柔软沙子":"soft sand ",
"标靶":"ring target ",
"格斗宝石":"fighting gem ",
"毒之宝石":"poison gem ",
"气势头带":"focus band ",
"气势披带":"focus sash ",
"气球":"air balloon ",
"水之宝石":"water gem ",
"水流卡带":"douse drive ",
"水滴石板":"splash plate ",
"沙沙岩石":"smooth rock ",
"沙鳞果":"salac berry ",
"泡沫奶油":"whipped dream ",
"洁净之符":"cleanse tag ",
"洁净薰香":"pure incense ",
"浑圆之石":"oval stone ",
"海潮薰香":"sea incense ",
"涟漪薰香":"wave incense ",
"深海之牙":"deep sea tooth ",
"深海鳞片":"deep sea scale ",
"潮湿岩石":"damp rock ",
"火之宝石":"fire gem ",
"火焰卡带":"burn drive ",
"火焰宝珠":"flame orb ",
"火珠":"flame orb ",
"火球石板":"flame plate ",
"灵界之布":"reaper cloth ",
"炽热岩石":"heat rock ",
"烟雾球":"smoke ball ",
"焦点镜":"scope lens ",
"熔岩增幅器":"magmarizer ",
"爽喉喷雾":"throat spray ",
"玉虫石板":"insect plate ",
"王者之证":"king's rock ",
"球根":"absorb bulb ",
"生命宝珠":"life orb ",
"电之宝石":"electric gem ",
"电力增幅器":"electirizer ",
"电气球":"light ball ",
"番荔果":"yache berry ",
"白玉宝珠":"lustrous orb ",
"白色香草":"white herb ",
"白金宝珠":"griseous orb ",
"眼镜":"choice specs ",
"破坏基因":"berserk gene ",
"硬石头":"hard stone ",
"碧绿石板":"meadow plate ",
"磁铁":"magnet ",
"神奇石板":"mind plate ",
"神秘水滴":"mystic water ",
"突击背心":"assault vest ",
"粉红头巾":"pink scarf ",
"粗骨头":"thick club ",
"紧绑束带":"binding band ",
"紧缠钩爪":"grip claw ",
"红牌":"red card ",
"红线":"destiny knot ",
"红色头巾":"red scarf ",
"绿色头巾":"green scarf ",
"美丽空壳":"shed shell ",
"美丽鳞片":"prism scale ",
"胆怯球":"adrenaline orb ",
"背心":"assault vest ",
"节拍器":"metronome ",
"花朵薰香":"rose incense ",
"草之宝石":"grass gem ",
"荔枝果":"liechi berry ",
"蓝天石板":"sky plate ",
"蓝色头巾":"blue scarf ",
"虫之宝石":"bug gem ",
"讲究围巾":"choice scarf ",
"讲究头带":"choice band ",
"讲究眼镜":"choice specs ",
"诅咒之符":"spell tag ",
"贝壳之铃":"shell bell ",
"超能力宝石":"psychic gem ",
"轻石":"float stone ",
"达人":"expert belt ",
"达人带":"expert belt ",
"进化奇石":"eviolite ",
"逃脱按键":"eject button ",
"速度粉":"quick powder ",
"避难背包":"eject pack ",
"部位护具":"protective pads ",
"释陀果":"custap berry ",
"金刚宝珠":"adamant orb ",
"金属粉":"metal powder ",
"金属膜":"metal coat ",
"钢之宝石":"steel gem ",
"钢铁石板":"iron plate ",
"银粉":"silver powder ",
"锐利之爪":"razor claw ",
"锐利之牙":"razor fang ",
"锐利鸟嘴":"sharp beak ",
"闪电卡带":"shock drive ",
"防尘护目镜":"safety goggles ",
"附着针":"sticky barb ",
"雪球":"snowball ",
"零余果":"chesto berry ",
"雷电石板":"zap plate ",
"靛蓝色宝珠":"blue orb ",
"飞行宝石":"flying gem ",
"饱腹薰香":"full incense ",
"香草":"white herb ",
"香袋":"sachet ",
"黄色头巾":"yellow scarf ",
"黏土":"light clay ",
"黑带":"black belt ",
"黑色污泥":"black sludge ",
"黑色眼镜":"black glasses ",
"黑色铁球":"iron ball ",
"龙之宝石":"dragon gem ",
"龙之牙":"dragon fang ",
"龙之石板":"draco plate ",
"龙之鳞片":"dragon scale ",
"龙宝":"dragon gem ",
"龙火果":"petaya berry ",
"ＡＲ系统":"rks system ",
"一口导弹":"gulp missile ",
"一猩一意":"gorilla tactics ",
"一般皮肤":"normalize ",
"下载":"download ",
"不仁不义":"merciless ",
"不屈之心":"steadfast ",
"不屈之盾":"dauntless shield ",
"不挠之剑":"intrepid sword ",
"不服输":"defiant ",
"不眠":"insomnia ",
"中毒激升":"toxic boost ",
"乘风":"wind rider ",
"亲子爱":"parental bond ",
"人马一体":"as one ",
"健壮胸肌":"big pecks ",
"储水":"water absorb ",
"兆级电压":"teravolt ",
"先行治疗":"triage ",
"免疫":"immunity ",
"全能变身":"zero to hero ",
"共生":"symbiosis ",
"再生力":"regenerator ",
"冰冻之躯":"ice body ",
"冰冻皮肤":"refrigerate ",
"冰鳞粉":"ice scales ",
"冲浪之尾":"surge surfer ",
"分析":"analytic ",
"加速":"speed boost ",
"化学之力":"power of alchemy ",
"化学变化气体":"neutralizing gas ",
"单纯":"simple ",
"危险回避":"emergency exit ",
"危险预知":"anticipation ",
"卷发":"tangling hair ",
"压迫感":"pressure ",
"厚脂肪":"thick fat ",
"友情防守":"friend guard ",
"反刍":"cud chew ",
"发光":"illuminate ",
"发号施令":"commander ",
"受热激升":"flare boost ",
"变幻自如":"protean ",
"变色":"color change ",
"变身者":"imposter ",
"古代活性":"protosynthesis ",
"叶子防守":"leaf guard ",
"叶绿素":"chlorophyll ",
"同台共演":"costar ",
"同步":"synchronize ",
"吐沙":"sand spit ",
"吸盘":"suction cups ",
"唱反调":"contrary ",
"噪音":"cacophony ",
"坚毅":"stalwart ",
"坚硬岩石":"solid rock ",
"坚硬脑袋":"rock head ",
"复制":"trace ",
"复眼":"compound eyes ",
"多属性":"multitype ",
"多重鳞片":"multiscale ",
"大力士":"huge power ",
"大将":"supreme overlord ",
"天恩":"serene grace ",
"太晶变形":"tera shift ",
"太晶甲壳":"tera shell ",
"太阳之力":"solar power ",
"夸克充能":"quark drive ",
"奇迹皮肤":"wonder skin ",
"女王的威严":"queenly majesty ",
"好胜":"competitive ",
"妖精气场":"fairy aura ",
"妖精皮肤":"pixilate ",
"始源之海":"primordial sea ",
"威吓":"intimidate ",
"孢子":"effect spore ",
"察觉":"frisk ",
"尾甲":"armor tail ",
"干劲":"vital spirit ",
"干燥皮肤":"dry skin ",
"幻影防守":"shadow shield ",
"幻觉":"illusion ",
"庞克摇滚":"punk rock ",
"异兽提升":"beast boost ",
"引水":"storm drain ",
"引火":"flash fire ",
"引爆":"aftermath ",
"强壮之颚":"strong jaw ",
"强子引擎":"hadron engine ",
"强行":"sheer force ",
"归零化境":"teraform zero ",
"德尔塔气流":"delta stream ",
"心情不定":"moody ",
"心灵感应":"telepathy ",
"心眼":"mind's eye ",
"怒火冲天":"berserk ",
"怪力钳":"hyper cutter ",
"怪药":"curious medicine ",
"恒净之躯":"clear body ",
"恶作剧之心":"prankster ",
"恶臭":"stench ",
"悠游自如":"swift swim ",
"悠然自如":"swift swim ",
"愤怒甲壳":"anger shell ",
"愤怒穴位":"anger point ",
"慢出":"stall ",
"慢启动":"slow start ",
"懒惰":"truant ",
"我行我素":"own tempo ",
"战斗切换":"stance change ",
"战斗盔甲":"battle armor ",
"扬沙":"sand stream ",
"技术高手":"technician ",
"拟态":"mimicry ",
"拨沙":"sand rush ",
"拨雪":"slush rush ",
"持久力":"stamina ",
"捡拾":"pickup ",
"捡球":"ball fetch ",
"掉出种子":"seed sower ",
"接球手":"receiver ",
"搬岩":"rocky payload ",
"收获":"harvest ",
"斗争心":"rivalry ",
"无关天气":"cloud nine ",
"无形拳":"unseen fist ",
"无防守":"no guard ",
"日照":"drought ",
"早起":"early bird ",
"暗黑气场":"dark aura ",
"有色眼镜":"tinted lens ",
"木乃伊":"mummy ",
"柔软":"limber ",
"梦魇":"bad dreams ",
"棉絮":"cotton down ",
"棱镜装甲":"prism armor ",
"款待":"hospitality ",
"正义之心":"justified ",
"正电":"plus ",
"毅力":"guts ",
"毒傀儡":"poison puppeteer ",
"毒刺":"poison point ",
"毒手":"poison touch ",
"毒满地":"toxic debris ",
"毒疗":"poison heal ",
"毒锁链":"toxic chain ",
"毛皮大衣":"fur coat ",
"毛茸茸":"fluffy ",
"气场破坏":"aura break ",
"气闸":"air lock ",
"水幕":"water veil ",
"水泡":"water bubble ",
"污泥浆":"liquid ooze ",
"沙之力":"sand force ",
"沙穴":"arena trap ",
"沙隐":"sand veil ",
"治愈之心":"healer ",
"洁净之盐":"purifying salt ",
"活力":"hustle ",
"涡轮火焰":"turboblaze ",
"游魂":"wandering spirit ",
"湿气":"damp ",
"湿润之声":"liquid voice ",
"湿润之躯":"hydration ",
"漂浮":"levitate ",
"漆黑嘶鸣":"grim neigh ",
"激流":"torrent ",
"火焰之躯":"flame body ",
"灭亡之躯":"perish body ",
"灾祸之剑":"sword of ruin ",
"灾祸之玉":"beads of ruin ",
"灾祸之简":"tablets of ruin ",
"灾祸之鼎":"vessel of ruin ",
"热交换":"thermal exchange ",
"焦香之躯":"well-baked body ",
"熔岩铠甲":"magma armor ",
"熟成":"ripen ",
"牵绊变身":"battle bond ",
"狙击手":"sniper ",
"猛火":"blaze ",
"瑜伽之力":"pure power ",
"甘露之蜜":"supersweet syrup ",
"甜幕":"sweet veil ",
"甩不掉的气味":"lingering aroma ",
"电力转换":"electromorphosis ",
"电器引擎":"motor drive ",
"电晶体":"transistor ",
"电气制造者":"electric surge ",
"电气引擎":"motor drive ",
"电气皮肤":"galvanize ",
"画皮":"disguise ",
"界限盾壳":"shields down ",
"疾风之翼":"gale wings ",
"白色烟雾":"white smoke ",
"監視":"stakeout ",
"看门犬":"guard dog ",
"破格":"mold breaker ",
"硬壳盔甲":"shell armor ",
"硬爪":"tough claws ",
"碎裂铠甲":"weak armor ",
"磁力":"magnet pull ",
"神奇守护":"wonder guard ",
"神奇鳞片":"marvel scale ",
"穿透":"infiltrator ",
"笨拙":"klutz ",
"粉彩护幕":"pastel veil ",
"粗糙皮肤":"rough skin ",
"精神制造者":"psychic surge ",
"精神力":"inner focus ",
"紧张感":"unnerve ",
"纯朴":"unaware ",
"终结之地":"desolate land ",
"结冻头":"ice face ",
"结实":"sturdy ",
"绝对睡眠":"comatose ",
"绯红脉动":"orichalcum pulse ",
"群聚变形":"power construct ",
"耐热":"heatproof ",
"胆怯":"rattled ",
"胆量":"scrappy ",
"胜利之星":"victory star ",
"能量点":"power spot ",
"脑核之力":"neuroforce ",
"腐蚀":"corrosion ",
"自信过度":"moxie ",
"自然回复":"natural cure ",
"自然恢复":"natural cure ",
"自由者":"libero ",
"舍身":"reckless ",
"舞者":"dancer ",
"花之礼":"flower gift ",
"花幕":"flower veil ",
"芳香幕":"aroma veil ",
"苍白嘶鸣":"chilling neigh ",
"茂盛":"overgrow ",
"草之毛皮":"grass pelt ",
"菌丝之力":"mycelium might ",
"蒸汽机":"steam engine ",
"蓄电":"volt absorb ",
"蓄电池":"battery ",
"薄雾制造者":"misty surge ",
"虫之预感":"swarm ",
"蜕皮":"shed skin ",
"螺旋尾鳍":"propeller tail ",
"诅咒之躯":"cursed body ",
"负电":"minus ",
"贪吃鬼":"gluttony ",
"超幸运":"super luck ",
"超级发射器":"mega launcher ",
"跃跃欲逃":"wimp out ",
"跟风":"opportunist ",
"踩影":"shadow tag ",
"蹒跚":"tangled feet ",
"蹲守":"stakeout ",
"软弱":"defeatist ",
"轻装":"unburden ",
"轻金属":"light metal ",
"达摩模式":"zen mode ",
"过滤":"filter ",
"远隔":"long reach ",
"连续攻击":"skill link ",
"迟钝":"oblivious ",
"迷人之躯":"cute charm ",
"适应力":"adaptability ",
"逃跑":"run away ",
"速击":"quick draw ",
"遇水凝固":"water compaction ",
"避雷针":"lightning rod ",
"采蜜":"honey gather ",
"重金属":"heavy metal ",
"金属防护":"full metal body ",
"钢之意志":"steely spirit ",
"钢能力者":"steelworker ",
"铁刺":"iron barbs ",
"铁拳":"iron fist ",
"锋锐":"sharpness ",
"锐利目光":"keen eye ",
"镜甲":"mirror armor ",
"防尘":"overcoat ",
"防弹":"bulletproof ",
"阴晴不定":"forecast ",
"降雨":"drizzle ",
"降雪":"snow warning ",
"除障":"screen cleaner ",
"隔音":"soundproof ",
"雨盘":"rain dish ",
"雪隐":"snow cloak ",
"青草制造者":"grassy surge ",
"静电":"static ",
"面影輝映":"embody aspect ",
"顺手牵羊":"pickpocket ",
"预知梦":"forewarn ",
"颊囊":"cheek pouch ",
"风力发电":"wind power ",
"飘浮":"levitate ",
"飞出的内在物":"innards out ",
"飞毛腿":"quick feet ",
"飞行皮肤":"aerilate ",
"食土":"earth eater ",
"食草":"sap sipper ",
"饱了又饿":"hunger switch ",
"魂心":"soul-heart ",
"魔术师":"magician ",
"魔法镜":"magic bounce ",
"魔法防守":"magic guard ",
"鱼群":"schooling ",
"鲜艳之躯":"dazzling ",
"鳞粉":"shield dust ",
"黄金之躯":"good as gold ",
"黏滑":"gooey ",
"黏着":"sticky hold ",
"龙颚":"dragon's maw "
}